<?xml version="1.0"?>
<!-- Automatically generated from SGML Open Catalog - don't edit, regenerate -->
<!DOCTYPE catalog PUBLIC "-//OASIS//DTD Entity Resolution XML Catalog V1.0//EN" "http://www.oasis-open.org/committees/entity/release/1.0/catalog.dtd">
<catalog xmlns="urn:oasis:names:tc:entity:xmlns:xml:catalog">
  <public publicId="-//W3C//DTD Specification V2.0//EN" uri="Specification/xmlspec-v20.dtd" />
  <system systemId="http://www.w3.org/XML/1998/06/xmlspec-v20.dtd" uri="Specification/xmlspec-v20.dtd" />
  <public publicId="-//W3C//DTD Specification V2.1//EN" uri="Specification/xmlspec-v21.dtd" />
  <system systemId="http://www.w3.org/XML/1998/06/xmlspec-v21.dtd" uri="Specification/xmlspec-v21.dtd" />
  <public publicId="-//W3C//DTD Specification V2.10//EN" uri="Specification/xmlspec.dtd" />
  <system systemId="http://www.w3.org/2002/xmlspec/dtd/2.10/xmlspec.dtd" uri="Specification/xmlspec.dtd" />
  <public publicId="-//W3C//DTD MathML 2.0//EN" uri="XX-MathML2-20031104/mathml2.dtd" />
  <system systemId="http://www.w3.org/Math/DTD/mathml2/mathml2.dtd" uri="XX-MathML2-20031104/mathml2.dtd" />
  <public publicId="-//W3C//ENTITIES MathML 2.0 Qualified Names 1.0//EN" uri="XX-MathML2-20031104/mathml2-qname-1.mod" />
  <system systemId="http://www.w3.org/Math/DTD/mathml2/mathml2-qname-1.mod" uri="XX-MathML2-20031104/mathml2-qname-1.mod" />
  <public publicId="-//W3C//DTD XHTML 1.1 plus MathML 2.0//EN" uri="XX-MathML2-20031104/xhtml-math11-f.dtd" />
  <system systemId="http://www.w3.org/Math/DTD/mathml2/xhtml-math11-f.dtd" uri="XX-MathML2-20031104/xhtml-math11-f.dtd" />
  <system systemId="http://www.w3.org/MarkUp/DTD/xhtml-math11-f.dtd" uri="XX-MathML2-20031104/xhtml-math11-f.dtd" />
  <public publicId="-//W3C//DTD MathML 3.0//EN" uri="REC-MathML3-20101021/mathml3.dtd" />
  <system systemId="http://www.w3.org/Math/DTD/mathml3/mathml3.dtd" uri="REC-MathML3-20101021/mathml3.dtd" />
  <public publicId="-//W3C//ENTITIES MathML 3.0 Qualified Names 1.0//EN" uri="REC-MathML3-20101021/mathml3-qname.mod" />
  <system systemId="http://www.w3.org/Math/DTD/mathml3/mathml3-qname.mod" uri="REC-MathML3-20101021/mathml3-qname.mod" />
  <public publicId="-//W3C//ENTITIES Box and Line Drawing//EN" uri="REC-MathML3-20101021/isobox.ent" />
  <system systemId="http://www.w3.org/Math/DTD/mathml3/isobox.ent" uri="REC-MathML3-20101021/isobox.ent" />
  <public publicId="-//W3C//ENTITIES Russian Cyrillic//EN" uri="REC-MathML3-20101021/isocyr1.ent" />
  <system systemId="http://www.w3.org/Math/DTD/mathml3/isocyr1.ent" uri="REC-MathML3-20101021/isocyr1.ent" />
  <public publicId="-//W3C//ENTITIES Non-Russian Cyrillic//EN" uri="REC-MathML3-20101021/isocyr2.ent" />
  <system systemId="http://www.w3.org/Math/DTD/mathml3/isocyr2.ent" uri="REC-MathML3-20101021/isocyr2.ent" />
  <public publicId="-//W3C//ENTITIES Diacritical Marks//EN" uri="REC-MathML3-20101021/isodia.ent" />
  <system systemId="http://www.w3.org/Math/DTD/mathml3/isodia.ent" uri="REC-MathML3-20101021/isodia.ent" />
  <public publicId="-//W3C//ENTITIES Added Latin 1//EN" uri="REC-MathML3-20101021/isolat1.ent" />
  <system systemId="http://www.w3.org/Math/DTD/mathml3/isolat1.ent" uri="REC-MathML3-20101021/isolat1.ent" />
  <public publicId="-//W3C//ENTITIES Added Latin 2//EN" uri="REC-MathML3-20101021/isolat2.ent" />
  <system systemId="http://www.w3.org/Math/DTD/mathml3/isolat2.ent" uri="REC-MathML3-20101021/isolat2.ent" />
  <public publicId="-//W3C//ENTITIES Numeric and Special Graphic//EN" uri="REC-MathML3-20101021/isonum.ent" />
  <system systemId="http://www.w3.org/Math/DTD/mathml3/isonum.ent" uri="REC-MathML3-20101021/isonum.ent" />
  <public publicId="-//W3C//ENTITIES Publishing//EN" uri="REC-MathML3-20101021/isopub.ent" />
  <system systemId="http://www.w3.org/Math/DTD/mathml3/isopub.ent" uri="REC-MathML3-20101021/isopub.ent" />
  <public publicId="-//W3C//ENTITIES Added Math Symbols: Arrow Relations//EN" uri="REC-MathML3-20101021/isoamsa.ent" />
  <system systemId="http://www.w3.org/Math/DTD/mathml3/isoamsa.ent" uri="REC-MathML3-20101021/isoamsa.ent" />
  <public publicId="-//W3C//ENTITIES Added Math Symbols: Binary Operators//EN" uri="REC-MathML3-20101021/isoamsb.ent" />
  <system systemId="http://www.w3.org/Math/DTD/mathml3/isoamsb.ent" uri="REC-MathML3-20101021/isoamsb.ent" />
  <public publicId="-//W3C//ENTITIES Added Math Symbols: Delimiters//EN" uri="REC-MathML3-20101021/isoamsc.ent" />
  <system systemId="http://www.w3.org/Math/DTD/mathml3/isoamsc.ent" uri="REC-MathML3-20101021/isoamsc.ent" />
  <public publicId="-//W3C//ENTITIES Added Math Symbols: Negated Relations//EN" uri="REC-MathML3-20101021/isoamsn.ent" />
  <system systemId="http://www.w3.org/Math/DTD/mathml3/isoamsn.ent" uri="REC-MathML3-20101021/isoamsn.ent" />
  <public publicId="-//W3C//ENTITIES Added Math Symbols: Ordinary//EN" uri="REC-MathML3-20101021/isoamso.ent" />
  <system systemId="http://www.w3.org/Math/DTD/mathml3/isoamso.ent" uri="REC-MathML3-20101021/isoamso.ent" />
  <public publicId="-//W3C//ENTITIES Added Math Symbols: Relations//EN" uri="REC-MathML3-20101021/isoamsr.ent" />
  <system systemId="http://www.w3.org/Math/DTD/mathml3/isoamsr.ent" uri="REC-MathML3-20101021/isoamsr.ent" />
  <public publicId="-//W3C//ENTITIES Greek Symbols//EN" uri="REC-MathML3-20101021/isogrk3.ent" />
  <system systemId="http://www.w3.org/Math/DTD/mathml3/isogrk3.ent" uri="REC-MathML3-20101021/isogrk3.ent" />
  <public publicId="-//W3C//ENTITIES Math Alphabets: Fraktur//EN" uri="REC-MathML3-20101021/isomfrk.ent" />
  <system systemId="http://www.w3.org/Math/DTD/mathml3/isomfrk.ent" uri="REC-MathML3-20101021/isomfrk.ent" />
  <public publicId="-//W3C//ENTITIES Math Alphabets: Open Face//EN" uri="REC-MathML3-20101021/isomopf.ent" />
  <system systemId="http://www.w3.org/Math/DTD/mathml3/isomopf.ent" uri="REC-MathML3-20101021/isomopf.ent" />
  <public publicId="-//W3C//ENTITIES Math Alphabets: Script//EN" uri="REC-MathML3-20101021/isomscr.ent" />
  <system systemId="http://www.w3.org/Math/DTD/mathml3/isomscr.ent" uri="REC-MathML3-20101021/isomscr.ent" />
  <public publicId="-//W3C//ENTITIES General Technical//EN" uri="REC-MathML3-20101021/isotech.ent" />
  <system systemId="http://www.w3.org/Math/DTD/mathml3/isotech.ent" uri="REC-MathML3-20101021/isotech.ent" />
  <public publicId="-//W3C//ENTITIES Additional MathML Symbols//EN" uri="REC-MathML3-20101021/mmlextra.ent" />
  <system systemId="http://www.w3.org/Math/DTD/mathml3/mmlextra.ent" uri="REC-MathML3-20101021/mmlextra.ent" />
  <public publicId="-//W3C//ENTITIES MathML Aliases//EN" uri="REC-MathML3-20101021/mmlalias.ent" />
  <system systemId="http://www.w3.org/Math/DTD/mathml3/mmlalias.ent" uri="REC-MathML3-20101021/mmlalias.ent" />
  <public publicId="-//W3C//DTD SVG 1.0//EN" uri="REC-SVG-20010904/svg10.dtd" />
  <system systemId="http://www.w3.org/TR/2001/REC-SVG-20010904/DTD/svg10.dtd" uri="REC-SVG-20010904/svg10.dtd" />
  <public publicId="-//W3C//DTD SVG 1.1//EN" uri="REC-SVG11-20110816/svg11.dtd" />
  <system systemId="http://www.w3.org/Graphics/SVG/1.1/DTD/svg11.dtd" uri="REC-SVG11-20110816/svg11.dtd" />
  <public publicId="-//W3C//DTD SVG 1.1 Basic//EN" uri="REC-SVG11-20110816/svg11-basic.dtd" />
  <public publicId="-//W3C//DTD SVG Basic 1.1//EN" uri="REC-SVG11-20110816/svg11-basic.dtd" />
  <system systemId="http://www.w3.org/Graphics/SVG/1.1/DTD/svg11-basic.dtd" uri="REC-SVG11-20110816/svg11-basic.dtd" />
  <public publicId="-//W3C//DTD SVG 1.1 Tiny//EN" uri="REC-SVG11-20110816/svg11-tiny.dtd" />
  <public publicId="-//W3C//DTD SVG Tiny 1.1//EN" uri="REC-SVG11-20110816/svg11-tiny.dtd" />
  <system systemId="http://www.w3.org/Graphics/SVG/1.1/DTD/svg11-tiny.dtd" uri="REC-SVG11-20110816/svg11-tiny.dtd" />
  <public publicId="-//W3C//ENTITIES SVG 1.1 Document Model//EN" uri="REC-SVG11-20110816/svg11-model.mod" />
  <system systemId="http://www.w3.org/Graphics/SVG/1.1/DTD/svg11-model.mod" uri="REC-SVG11-20110816/svg11-model.mod" />
  <public publicId="-//W3C//ENTITIES SVG 1.1 Basic Document Model//EN" uri="REC-SVG11-20110816/svg11-basic-model.mod" />
  <system systemId="http://www.w3.org/Graphics/SVG/1.1/DTD/svg11-basic-model.mod" uri="REC-SVG11-20110816/svg11-basic-model.mod" />
  <public publicId="-//W3C//ENTITIES SVG 1.1 Tiny Document Model//EN" uri="REC-SVG11-20110816/svg11-tiny-model.mod" />
  <system systemId="http://www.w3.org/Graphics/SVG/1.1/DTD/svg11-tiny-model.mod" uri="REC-SVG11-20110816/svg11-tiny-model.mod" />
  <public publicId="-//W3C//ENTITIES SVG 1.1 Attribute Collection//EN" uri="REC-SVG11-20110816/svg11-attribs.mod" />
  <system systemId="http://www.w3.org/Graphics/SVG/1.1/DTD/svg11-attribs.mod" uri="REC-SVG11-20110816/svg11-attribs.mod" />
  <public publicId="-//W3C//ENTITIES SVG 1.1 Basic Attribute Collection//EN" uri="REC-SVG11-20110816/svg11-basic-attribs.mod" />
  <system systemId="http://www.w3.org/Graphics/SVG/1.1/DTD/svg11-basic-attribs.mod" uri="REC-SVG11-20110816/svg11-basic-attribs.mod" />
  <public publicId="-//W3C//ENTITIES SVG 1.1 Tiny Attribute Collection//EN" uri="REC-SVG11-20110816/svg11-tiny-attribs.mod" />
  <system systemId="http://www.w3.org/Graphics/SVG/1.1/DTD/svg11-tiny-attribs.mod" uri="REC-SVG11-20110816/svg11-tiny-attribs.mod" />
  <public publicId="-//W3C//ELEMENTS SVG 1.1 Animation//EN" uri="REC-SVG11-20110816/svg-animation.mod" />
  <system systemId="http://www.w3.org/Graphics/SVG/1.1/DTD/svg-animation.mod" uri="REC-SVG11-20110816/svg-animation.mod" />
  <public publicId="-//W3C//ENTITIES SVG 1.1 Animation Events Attribute//EN" uri="REC-SVG11-20110816/svg-animevents-attrib.mod" />
  <system systemId="http://www.w3.org/Graphics/SVG/1.1/DTD/svg-animevents-attrib.mod" uri="REC-SVG11-20110816/svg-animevents-attrib.mod" />
  <public publicId="-//W3C//ELEMENTS SVG 1.1 Basic Clip//EN" uri="REC-SVG11-20110816/svg-basic-clip.mod" />
  <system systemId="http://www.w3.org/Graphics/SVG/1.1/DTD/svg-basic-clip.mod" uri="REC-SVG11-20110816/svg-basic-clip.mod" />
  <public publicId="-//W3C//ELEMENTS SVG 1.1 Basic Filter//EN" uri="REC-SVG11-20110816/svg-basic-filter.mod" />
  <system systemId="http://www.w3.org/Graphics/SVG/1.1/DTD/svg-basic-filter.mod" uri="REC-SVG11-20110816/svg-basic-filter.mod" />
  <public publicId="-//W3C//ELEMENTS SVG 1.1 Basic Font//EN" uri="REC-SVG11-20110816/svg-basic-font.mod" />
  <system systemId="http://www.w3.org/Graphics/SVG/1.1/DTD/svg-basic-font.mod" uri="REC-SVG11-20110816/svg-basic-font.mod" />
  <public publicId="-//W3C//ENTITIES SVG 1.1 Basic Graphics Attribute//EN" uri="REC-SVG11-20110816/svg-basic-graphics-attrib.mod" />
  <system systemId="http://www.w3.org/Graphics/SVG/1.1/DTD/svg-basic-graphics-attrib.mod" uri="REC-SVG11-20110816/svg-basic-graphics-attrib.mod" />
  <public publicId="-//W3C//ENTITIES SVG 1.1 Basic Paint Attribute//EN" uri="REC-SVG11-20110816/svg-basic-paint-attrib.mod" />
  <system systemId="http://www.w3.org/Graphics/SVG/1.1/DTD/svg-basic-paint-attrib.mod" uri="REC-SVG11-20110816/svg-basic-paint-attrib.mod" />
  <public publicId="-//W3C//ELEMENTS SVG 1.1 Basic Structure//EN" uri="REC-SVG11-20110816/svg-basic-structure.mod" />
  <system systemId="http://www.w3.org/Graphics/SVG/1.1/DTD/svg-basic-structure.mod" uri="REC-SVG11-20110816/svg-basic-structure.mod" />
  <public publicId="-//W3C//ELEMENTS SVG 1.1 Basic Text//EN" uri="REC-SVG11-20110816/svg-basic-text.mod" />
  <system systemId="http://www.w3.org/Graphics/SVG/1.1/DTD/svg-basic-text.mod" uri="REC-SVG11-20110816/svg-basic-text.mod" />
  <public publicId="-//W3C//ELEMENTS SVG 1.1 Clip//EN" uri="REC-SVG11-20110816/svg-clip.mod" />
  <system systemId="http://www.w3.org/Graphics/SVG/1.1/DTD/svg-clip.mod" uri="REC-SVG11-20110816/svg-clip.mod" />
  <public publicId="-//W3C//ELEMENTS SVG 1.1 Conditional Processing//EN" uri="REC-SVG11-20110816/svg-conditional.mod" />
  <system systemId="http://www.w3.org/Graphics/SVG/1.1/DTD/svg-conditional.mod" uri="REC-SVG11-20110816/svg-conditional.mod" />
  <public publicId="-//W3C//ENTITIES SVG 1.1 Container Attribute//EN" uri="REC-SVG11-20110816/svg-container-attrib.mod" />
  <system systemId="http://www.w3.org/Graphics/SVG/1.1/DTD/svg-container-attrib.mod" uri="REC-SVG11-20110816/svg-container-attrib.mod" />
  <public publicId="-//W3C//ENTITIES SVG 1.1 Core Attribute//EN" uri="REC-SVG11-20110816/svg-core-attrib.mod" />
  <system systemId="http://www.w3.org/Graphics/SVG/1.1/DTD/svg-core-attrib.mod" uri="REC-SVG11-20110816/svg-core-attrib.mod" />
  <public publicId="-//W3C//ELEMENTS SVG 1.1 Cursor//EN" uri="REC-SVG11-20110816/svg-cursor.mod" />
  <system systemId="http://www.w3.org/Graphics/SVG/1.1/DTD/svg-cursor.mod" uri="REC-SVG11-20110816/svg-cursor.mod" />
  <public publicId="-//W3C//ENTITIES SVG 1.1 Datatypes//EN" uri="REC-SVG11-20110816/svg-datatypes.mod" />
  <system systemId="http://www.w3.org/Graphics/SVG/1.1/DTD/svg-datatypes.mod" uri="REC-SVG11-20110816/svg-datatypes.mod" />
  <public publicId="-//W3C//ENTITIES SVG 1.1 Document Events Attribute//EN" uri="REC-SVG11-20110816/svg-docevents-attrib.mod" />
  <system systemId="http://www.w3.org/Graphics/SVG/1.1/DTD/svg-docevents-attrib.mod" uri="REC-SVG11-20110816/svg-docevents-attrib.mod" />
  <public publicId="-//W3C//ELEMENTS SVG 1.1 Extensibility//EN" uri="REC-SVG11-20110816/svg-extensibility.mod" />
  <system systemId="http://www.w3.org/Graphics/SVG/1.1/DTD/svg-extensibility.mod" uri="REC-SVG11-20110816/svg-extensibility.mod" />
  <public publicId="-//W3C//ENTITIES SVG 1.1 External Resources Attribute//EN" uri="REC-SVG11-20110816/svg-extresources-attrib.mod" />
  <system systemId="http://www.w3.org/Graphics/SVG/1.1/DTD/svg-extresources-attrib.mod" uri="REC-SVG11-20110816/svg-extresources-attrib.mod" />
  <public publicId="-//W3C//ELEMENTS SVG 1.1 Filter//EN" uri="REC-SVG11-20110816/svg-filter.mod" />
  <system systemId="http://www.w3.org/Graphics/SVG/1.1/DTD/svg-filter.mod" uri="REC-SVG11-20110816/svg-filter.mod" />
  <public publicId="-//W3C//ELEMENTS SVG 1.1 Font//EN" uri="REC-SVG11-20110816/svg-font.mod" />
  <system systemId="http://www.w3.org/Graphics/SVG/1.1/DTD/svg-font.mod" uri="REC-SVG11-20110816/svg-font.mod" />
  <public publicId="-//W3C//ENTITIES SVG 1.1 Modular Framework//EN" uri="REC-SVG11-20110816/svg-framework.mod" />
  <system systemId="http://www.w3.org/Graphics/SVG/1.1/DTD/svg-framework.mod" uri="REC-SVG11-20110816/svg-framework.mod" />
  <public publicId="-//W3C//ELEMENTS SVG 1.1 Gradient//EN" uri="REC-SVG11-20110816/svg-gradient.mod" />
  <system systemId="http://www.w3.org/Graphics/SVG/1.1/DTD/svg-gradient.mod" uri="REC-SVG11-20110816/svg-gradient.mod" />
  <public publicId="-//W3C//ENTITIES SVG 1.1 Graphical Element Events Attribute//EN" uri="REC-SVG11-20110816/svg-graphevents-attrib.mod" />
  <system systemId="http://www.w3.org/Graphics/SVG/1.1/DTD/svg-graphevents-attrib.mod" uri="REC-SVG11-20110816/svg-graphevents-attrib.mod" />
  <public publicId="-//W3C//ENTITIES SVG 1.1 Graphics Attribute//EN" uri="REC-SVG11-20110816/svg-graphics-attrib.mod" />
  <system systemId="http://www.w3.org/Graphics/SVG/1.1/DTD/svg-graphics-attrib.mod" uri="REC-SVG11-20110816/svg-graphics-attrib.mod" />
  <public publicId="-//W3C//ELEMENTS SVG 1.1 Hyperlinking//EN" uri="REC-SVG11-20110816/svg-hyperlink.mod" />
  <system systemId="http://www.w3.org/Graphics/SVG/1.1/DTD/svg-hyperlink.mod" uri="REC-SVG11-20110816/svg-hyperlink.mod" />
  <public publicId="-//W3C//ELEMENTS SVG 1.1 Image//EN" uri="REC-SVG11-20110816/svg-image.mod" />
  <system systemId="http://www.w3.org/Graphics/SVG/1.1/DTD/svg-image.mod" uri="REC-SVG11-20110816/svg-image.mod" />
  <public publicId="-//W3C//ELEMENTS SVG 1.1 Marker//EN" uri="REC-SVG11-20110816/svg-marker.mod" />
  <system systemId="http://www.w3.org/Graphics/SVG/1.1/DTD/svg-marker.mod" uri="REC-SVG11-20110816/svg-marker.mod" />
  <public publicId="-//W3C//ELEMENTS SVG 1.1 Mask//EN" uri="REC-SVG11-20110816/svg-mask.mod" />
  <system systemId="http://www.w3.org/Graphics/SVG/1.1/DTD/svg-mask.mod" uri="REC-SVG11-20110816/svg-mask.mod" />
  <public publicId="-//W3C//ENTITIES SVG 1.1 Paint Opacity Attribute//EN" uri="REC-SVG11-20110816/svg-opacity-attrib.mod" />
  <system systemId="http://www.w3.org/Graphics/SVG/1.1/DTD/svg-opacity-attrib.mod" uri="REC-SVG11-20110816/svg-opacity-attrib.mod" />
  <public publicId="-//W3C//ENTITIES SVG 1.1 Paint Attribute//EN" uri="REC-SVG11-20110816/svg-paint-attrib.mod" />
  <system systemId="http://www.w3.org/Graphics/SVG/1.1/DTD/svg-paint-attrib.mod" uri="REC-SVG11-20110816/svg-paint-attrib.mod" />
  <public publicId="-//W3C//ELEMENTS SVG 1.1 Pattern//EN" uri="REC-SVG11-20110816/svg-pattern.mod" />
  <system systemId="http://www.w3.org/Graphics/SVG/1.1/DTD/svg-pattern.mod" uri="REC-SVG11-20110816/svg-pattern.mod" />
  <public publicId="-//W3C//ELEMENTS SVG 1.1 Color Profile//EN" uri="REC-SVG11-20110816/svg-profile.mod" />
  <system systemId="http://www.w3.org/Graphics/SVG/1.1/DTD/svg-profile.mod" uri="REC-SVG11-20110816/svg-profile.mod" />
  <public publicId="-//W3C//ENTITIES SVG 1.1 Qualified Name//EN" uri="REC-SVG11-20110816/svg-qname.mod" />
  <system systemId="http://www.w3.org/Graphics/SVG/1.1/DTD/svg-qname.mod" uri="REC-SVG11-20110816/svg-qname.mod" />
  <public publicId="-//W3C//ELEMENTS SVG 1.1 Scripting//EN" uri="REC-SVG11-20110816/svg-script.mod" />
  <system systemId="http://www.w3.org/Graphics/SVG/1.1/DTD/svg-script.mod" uri="REC-SVG11-20110816/svg-script.mod" />
  <public publicId="-//W3C//ELEMENTS SVG 1.1 Shape//EN" uri="REC-SVG11-20110816/svg-shape.mod" />
  <system systemId="http://www.w3.org/Graphics/SVG/1.1/DTD/svg-shape.mod" uri="REC-SVG11-20110816/svg-shape.mod" />
  <public publicId="-//W3C//ELEMENTS SVG 1.1 Structure//EN" uri="REC-SVG11-20110816/svg-structure.mod" />
  <system systemId="http://www.w3.org/Graphics/SVG/1.1/DTD/svg-structure.mod" uri="REC-SVG11-20110816/svg-structure.mod" />
  <public publicId="-//W3C//ELEMENTS SVG 1.1 Style//EN" uri="REC-SVG11-20110816/svg-style.mod" />
  <system systemId="http://www.w3.org/Graphics/SVG/1.1/DTD/svg-style.mod" uri="REC-SVG11-20110816/svg-style.mod" />
  <public publicId="-//W3C//ELEMENTS SVG 1.1 Text//EN" uri="REC-SVG11-20110816/svg-text.mod" />
  <system systemId="http://www.w3.org/Graphics/SVG/1.1/DTD/svg-text.mod" uri="REC-SVG11-20110816/svg-text.mod" />
  <public publicId="-//W3C//ELEMENTS SVG 1.1 View//EN" uri="REC-SVG11-20110816/svg-view.mod" />
  <system systemId="http://www.w3.org/Graphics/SVG/1.1/DTD/svg-view.mod" uri="REC-SVG11-20110816/svg-view.mod" />
  <public publicId="-//W3C//ENTITIES SVG 1.1 Viewport Attribute//EN" uri="REC-SVG11-20110816/svg-viewport-attrib.mod" />
  <system systemId="http://www.w3.org/Graphics/SVG/1.1/DTD/svg-viewport-attrib.mod" uri="REC-SVG11-20110816/svg-viewport-attrib.mod" />
  <public publicId="-//W3C//ENTITIES SVG 1.1 XLink Attribute//EN" uri="REC-SVG11-20110816/svg-xlink-attrib.mod" />
  <system systemId="http://www.w3.org/Graphics/SVG/1.1/DTD/svg-xlink-attrib.mod" uri="REC-SVG11-20110816/svg-xlink-attrib.mod" />
  <public publicId="-//W3C//DTD XHTML 1.0 Strict//EN" uri="REC-xhtml1-20020801/xhtml1-strict.dtd" />
  <system systemId="http://www.w3.org/MarkUp/DTD/xhtml1-strict.dtd" uri="REC-xhtml1-20020801/xhtml1-strict.dtd" />
  <system systemId="http://www.w3.org/TR/xhtml1/DTD/xhtml1-strict.dtd" uri="REC-xhtml1-20020801/xhtml1-strict.dtd" />
  <public publicId="-//W3C//DTD XHTML 1.0 Transitional//EN" uri="REC-xhtml1-20020801/xhtml1-transitional.dtd" />
  <system systemId="http://www.w3.org/MarkUp/DTD/xhtml1-transitional.dtd" uri="REC-xhtml1-20020801/xhtml1-transitional.dtd" />
  <system systemId="http://www.w3.org/TR/xhtml1/DTD/xhtml1-transitional.dtd" uri="REC-xhtml1-20020801/xhtml1-transitional.dtd" />
  <public publicId="-//W3C//DTD XHTML 1.0 Frameset//EN" uri="REC-xhtml1-20020801/xhtml1-frameset.dtd" />
  <system systemId="http://www.w3.org/MarkUp/DTD/xhtml1-frameset.dtd" uri="REC-xhtml1-20020801/xhtml1-frameset.dtd" />
  <system systemId="http://www.w3.org/TR/xhtml1/DTD/xhtml1-frameset.dtd" uri="REC-xhtml1-20020801/xhtml1-frameset.dtd" />
  <public publicId="-//W3C//DTD XHTML 1.1//EN" uri="REC-xhtml11-20101123/xhtml11.dtd" />
  <system systemId="http://www.w3.org/MarkUp/DTD/xhtml11.dtd" uri="REC-xhtml11-20101123/xhtml11.dtd" />
  <system systemId="http://www.w3.org/TR/xhtml11/xhtml11.dtd" uri="REC-xhtml11-20101123/xhtml11.dtd" />
  <public publicId="-//W3C//ENTITIES XHTML 1.1 Document Model 1.0//EN" uri="REC-xhtml11-20101123/xhtml11-model-1.mod" />
  <system systemId="http://www.w3.org/MarkUp/DTD/xhtml11-model-1.mod" uri="REC-xhtml11-20101123/xhtml11-model-1.mod" />
  <system systemId="http://www.w3.org/TR/xhtml11/xhtml11-model-1.mod" uri="REC-xhtml11-20101123/xhtml11-model-1.mod" />
  <public publicId="-//W3C//DTD XHTML Basic 1.0//EN" uri="REC-xhtml-basic-20001219/xhtml-basic10.dtd" />
  <system systemId="http://www.w3.org/MarkUp/DTD/xhtml-basic10.dtd" uri="REC-xhtml-basic-20001219/xhtml-basic10.dtd" />
  <system systemId="http://www.w3.org/TR/2000/REC-xhtml-basic-20001219/xhtml-basic10.dtd" uri="REC-xhtml-basic-20001219/xhtml-basic10.dtd" />
  <public publicId="-//W3C//ENTITIES XHTML Basic 1.0 Document Model 1.0//EN" uri="REC-xhtml-basic-20001219/xhtml-basic10-model-1.mod" />
  <system systemId="http://www.w3.org/MarkUp/DTD/xhtml-basic10-model-1.mod" uri="REC-xhtml-basic-20001219/xhtml-basic10-model-1.mod" />
  <system systemId="http://www.w3.org/TR/2000/REC-xhtml-basic-20001219/xhtml-basic10-model-1.mod" uri="REC-xhtml-basic-20001219/xhtml-basic10-model-1.mod" />
  <public publicId="-//W3C//DTD XHTML Basic 1.1//EN" uri="REC-xhtml-basic-20101123/xhtml-basic11.dtd" />
  <system systemId="http://www.w3.org/MarkUp/DTD/xhtml-basic11.dtd" uri="REC-xhtml-basic-20101123/xhtml-basic11.dtd" />
  <system systemId="http://www.w3.org/TR/xhtml-basic/xhtml-basic11.dtd" uri="REC-xhtml-basic-20101123/xhtml-basic11.dtd" />
  <public publicId="-//W3C//ENTITIES XHTML Basic 1.1 Document Model 1.0//EN" uri="REC-xhtml-basic-20101123/xhtml-basic11-model-1.mod" />
  <system systemId="http://www.w3.org/MarkUp/DTD/xhtml-basic11-model-1.mod" uri="REC-xhtml-basic-20101123/xhtml-basic11-model-1.mod" />
  <system systemId="http://www.w3.org/TR/xhtml-basic/xhtml-basic11-model-1.mod" uri="REC-xhtml-basic-20101123/xhtml-basic11-model-1.mod" />
  <public publicId="-//W3C//ELEMENTS XHTML Inputmode 1.0//EN" uri="REC-xhtml-basic-20101123/xhtml-inputmode-1.mod" />
  <system systemId="http://www.w3.org/MarkUp/DTD/xhtml-inputmode-1.mod" uri="REC-xhtml-basic-20101123/xhtml-inputmode-1.mod" />
  <system systemId="http://www.w3.org/TR/xhtml-basic/xhtml-inputmode-1.mod" uri="REC-xhtml-basic-20101123/xhtml-inputmode-1.mod" />
  <public publicId="-//W3C//DTD XHTML-Print 1.0//EN" uri="REC-xhtml-print-20101123/xhtml-print10.dtd" />
  <system systemId="http://www.w3.org/MarkUp/DTD/xhtml-print10.dtd" uri="REC-xhtml-print-20101123/xhtml-print10.dtd" />
  <public publicId="-//W3C//ENTITIES XHTML-Print 1.0 Document Model 1.0//EN" uri="REC-xhtml-print-20101123/xhtml-print10-model-1.mod" />
  <system systemId="http://www.w3.org/MarkUp/DTD/xhtml-print10-model-1.mod" uri="REC-xhtml-print-20101123/xhtml-print10-model-1.mod" />
  <public publicId="-//W3C//DTD XHTML 1.1 plus MathML 2.0 plus SVG 1.1//EN" uri="WD-XHTMLplusMathMLplusSVG-20020809/xhtml-math-svg.dtd" />
  <system systemId="http://www.w3.org/2002/04/xhtml-math-svg/xhtml-math-svg.dtd" uri="WD-XHTMLplusMathMLplusSVG-20020809/xhtml-math-svg.dtd" />
  <system systemId="http://www.w3.org/2002/04/xhtml-math-svg/xhtml-math-svg-20020809.dtd" uri="WD-XHTMLplusMathMLplusSVG-20020809/xhtml-math-svg.dtd" />
  <public publicId="-//W3C//DTD XHTML Basic plus SVG Tiny//EN" uri="WD-XHTMLplusMathMLplusSVG-20020809/xhtml-basic-svg-tiny.dtd" />
  <system systemId="http://www.w3.org/2002/04/xhtml-math-svg/xhtml-basic-svg-tiny.dtd" uri="WD-XHTMLplusMathMLplusSVG-20020809/xhtml-basic-svg-tiny.dtd" />
  <system systemId="http://www.w3.org/2002/04/xhtml-math-svg/xhtml-basic-svg-tiny-20020809.dtd" uri="WD-XHTMLplusMathMLplusSVG-20020809/xhtml-basic-svg-tiny.dtd" />
  <public publicId="-//W3C//DTD XHTML+RDFa 1.0//EN" uri="REC-rdfa-syntax-20081014/xhtml-rdfa-1.dtd" />
  <system systemId="http://www.w3.org/MarkUp/DTD/xhtml-rdfa-1.dtd" uri="REC-rdfa-syntax-20081014/xhtml-rdfa-1.dtd" />
  <system systemId="http://www.w3.org/TR/rdfa-syntax/DTD/xhtml-rdfa-1.dtd" uri="REC-rdfa-syntax-20081014/xhtml-rdfa-1.dtd" />
  <public publicId="-//W3C//ENTITIES XHTML+RDFa Document Model 1.0//EN" uri="REC-rdfa-syntax-20081014/xhtml-rdfa-model-1.mod" />
  <system systemId="http://www.w3.org/TR/rdfa-syntax/DTD/xhtml-rdfa-model-1.mod" uri="REC-rdfa-syntax-20081014/xhtml-rdfa-model-1.mod" />
  <system systemId="http://www.w3.org/TR/rdfa-syntax/DTD/xhtml-rdfa-model-1.mod" uri="REC-rdfa-syntax-20081014/xhtml-rdfa-model-1.mod" />
  <public publicId="-//W3C//ENTITIES XHTML MetaAttributes 1.0//EN" uri="REC-rdfa-syntax-20081014/xhtml-metaAttributes-1.mod" />
  <system systemId="http://www.w3.org/MarkUp/DTD/xhtml-metaAttributes-1.mod" uri="REC-rdfa-syntax-20081014/xhtml-metaAttributes-1.mod" />
  <system systemId="http://www.w3.org/TR/rdfa-syntax/DTD/xhtml-metaAttributes-1.mod" uri="REC-rdfa-syntax-20081014/xhtml-metaAttributes-1.mod" />
  <public publicId="-//W3C//DTD XHTML+RDFa 1.1//EN" uri="REC-xhtml-rdfa-20120607/xhtml-rdfa-2.dtd" />
  <system systemId="http://www.w3.org/MarkUp/DTD/xhtml-rdfa-2.dtd" uri="REC-xhtml-rdfa-20120607/xhtml-rdfa-2.dtd" />
  <system systemId="http://www.w3.org/TR/xhtml-rdfa/DTD/xhtml-rdfa-2.dtd" uri="REC-xhtml-rdfa-20120607/xhtml-rdfa-2.dtd" />
  <public publicId="-//W3C//ENTITIES XHTML+RDFa Document Model 1.1//EN" uri="REC-xhtml-rdfa-20120607/xhtml-rdfa-model-2.mod" />
  <system systemId="http://www.w3.org/MarkUp/DTD/xhtml-rdfa-model-2.mod" uri="REC-xhtml-rdfa-20120607/xhtml-rdfa-model-2.mod" />
  <system systemId="http://www.w3.org/TR/xhtml-rdfa/DTD/xhtml-rdfa-model-2.mod" uri="REC-xhtml-rdfa-20120607/xhtml-rdfa-model-2.mod" />
  <public publicId="-//W3C//ENTITIES XHTML MetaAttributes 1.1//EN" uri="REC-xhtml-rdfa-20120607/xhtml-metaAttributes-2.mod" />
  <system systemId="http://www.w3.org/MarkUp/DTD/xhtml-metaAttributes-2.mod" uri="REC-xhtml-rdfa-20120607/xhtml-metaAttributes-2.mod" />
  <system systemId="http://www.w3.org/TR/xhtml-rdfa/DTD/xhtml-metaAttributes-2.mod" uri="REC-xhtml-rdfa-20120607/xhtml-metaAttributes-2.mod" />
  <public publicId="-//W3C//DTD XHTML+ARIA 1.0//EN" uri="CR-wai-aria-20110118/xhtml-aria-1.dtd" />
  <system systemId="http://www.w3.org/MarkUp/DTD/xhtml-aria-1.dtd" uri="CR-wai-aria-20110118/xhtml-aria-1.dtd" />
  <system systemId="http://www.w3.org/WAI/ARIA/schemata/xhtml-aria-1.dtd" uri="CR-wai-aria-20110118/xhtml-aria-1.dtd" />
  <public publicId="-//W3C//ENTITIES XHTML ARIA Attributes 1.0//EN" uri="CR-wai-aria-20110118/aria-attributes-1.mod" />
  <system systemId="http://www.w3.org/MarkUp/DTD/aria-attributes-1.mod" uri="CR-wai-aria-20110118/aria-attributes-1.mod" />
  <public publicId="-//W3C//ENTITIES XHTML Role Attribute Qnames 1.0//EN" uri="NOTE-xhtml-role-20101216/xhtml-role-qname-1.mod" />
  <public publicId="-//W3C//ENTITIES XHTML Role Attribute 1.0//EN" uri="NOTE-xhtml-role-20101216/xhtml-role-qname-1.mod" />
  <system systemId="http://www.w3.org/MarkUp/DTD/xhtml-role-qname-1.mod" uri="NOTE-xhtml-role-20101216/xhtml-role-qname-1.mod" />
  <public publicId="-//W3C//DTD SMIL 1.0//EN" uri="REC-smil-19980615/smil10.dtd" />
  <system systemId="http://www.w3.org/TR/REC-smil/SMIL10.dtd" uri="REC-smil-19980615/smil10.dtd" />
  <public publicId="-//W3C//DTD SMIL 2.0//EN" uri="REC-smil20-20050107/SMIL20.dtd" />
  <system systemId="http://www.w3.org/2001/SMIL20/SMIL20.dtd" uri="REC-smil20-20050107/SMIL20.dtd" />
  <public publicId="-//W3C//ENTITIES SMIL 2.0 Modular Framework 1.0//EN" uri="REC-smil20-20050107/smil-framework-1.mod" />
  <system systemId="http://www.w3.org/2001/SMIL20/smil-framework-1.mod" uri="REC-smil20-20050107/smil-framework-1.mod" />
  <public publicId="-//W3C//ENTITIES SMIL 2.0 Datatypes 1.0//EN" uri="REC-smil20-20050107/smil-datatypes-1.mod" />
  <system systemId="http://www.w3.org/2001/SMIL20/smil-datatypes-1.mod" uri="REC-smil20-20050107/smil-datatypes-1.mod" />
  <public publicId="-//W3C//ENTITIES SMIL 2.0 Qualified Names 1.0//EN" uri="REC-smil20-20050107/smil-qname-1.mod" />
  <system systemId="http://www.w3.org/2001/SMIL20/smil-qname-1.mod" uri="REC-smil20-20050107/smil-qname-1.mod" />
  <public publicId="-//W3C//ENTITIES SMIL 2.0 Common Attributes 1.0//EN" uri="REC-smil20-20050107/smil-attribs-1.mod" />
  <system systemId="http://www.w3.org/2001/SMIL20/smil-attribs-1.mod" uri="REC-smil20-20050107/smil-attribs-1.mod" />
  <public publicId="-//W3C//ENTITIES SMIL 2.0 Document Model 1.0//EN" uri="REC-smil20-20050107/smil-model-1.mod" />
  <system systemId="http://www.w3.org/2001/SMIL20/smil-model-1.mod" uri="REC-smil20-20050107/smil-model-1.mod" />
  <public publicId="-//W3C//ELEMENTS SMIL 2.0 Document Structure//EN" uri="REC-smil20-20050107/SMIL-struct.mod" />
  <system systemId="http://www.w3.org/2001/SMIL20/SMIL-struct.mod" uri="REC-smil20-20050107/SMIL-struct.mod" />
  <public publicId="-//W3C//ELEMENTS SMIL 2.0 Animation//EN" uri="REC-smil20-20050107/SMIL-anim.mod" />
  <system systemId="http://www.w3.org/2001/SMIL20/SMIL-anim.mod" uri="REC-smil20-20050107/SMIL-anim.mod" />
  <public publicId="-//W3C//ELEMENTS SMIL 2.0 Content Control//EN" uri="REC-smil20-20050107/SMIL-control.mod" />
  <system systemId="http://www.w3.org/2001/SMIL20/SMIL-control.mod" uri="REC-smil20-20050107/SMIL-control.mod" />
  <public publicId="-//W3C//ELEMENTS SMIL 2.0 Document Metainformation//EN" uri="REC-smil20-20050107/SMIL-metainformation.mod" />
  <system systemId="http://www.w3.org/2001/SMIL20/SMIL-metainformation.mod" uri="REC-smil20-20050107/SMIL-metainformation.mod" />
  <public publicId="-//W3C//ELEMENTS SMIL 2.0 Layout//EN" uri="REC-smil20-20050107/SMIL-layout.mod" />
  <system systemId="http://www.w3.org/2001/SMIL20/SMIL-layout.mod" uri="REC-smil20-20050107/SMIL-layout.mod" />
  <public publicId="-//W3C//ELEMENTS SMIL 2.0 Linking//EN" uri="REC-smil20-20050107/SMIL-link.mod" />
  <system systemId="http://www.w3.org/2001/SMIL20/SMIL-link.mod" uri="REC-smil20-20050107/SMIL-link.mod" />
  <public publicId="-//W3C//ELEMENTS SMIL 2.0 Media Objects//EN" uri="REC-smil20-20050107/SMIL-media.mod" />
  <system systemId="http://www.w3.org/2001/SMIL20/SMIL-media.mod" uri="REC-smil20-20050107/SMIL-media.mod" />
  <public publicId="-//W3C//ELEMENTS SMIL 2.0 Timing//EN" uri="REC-smil20-20050107/SMIL-timing.mod" />
  <system systemId="http://www.w3.org/2001/SMIL20/SMIL-timing.mod" uri="REC-smil20-20050107/SMIL-timing.mod" />
  <public publicId="-//W3C//ELEMENTS SMIL 2.0 Transition//EN" uri="REC-smil20-20050107/SMIL-transition.mod" />
  <system systemId="http://www.w3.org/2001/SMIL20/SMIL-transition.mod" uri="REC-smil20-20050107/SMIL-transition.mod" />
  <public publicId="-//W3C//DTD SMIL 2.1//EN" uri="REC-SMIL2-20051213/SMIL21.dtd" />
  <system systemId="http://www.w3.org/2005/SMIL21/SMIL21.dtd" uri="REC-SMIL2-20051213/SMIL21.dtd" />
  <public publicId="-//W3C//DTD SMIL 2.1 Extended Mobile//EN" uri="REC-SMIL2-20051213/SMIL21ExtendedMobile.dtd" />
  <system systemId="http://www.w3.org/2005/SMIL21/SMIL21ExtendedMobile.dtd" uri="REC-SMIL2-20051213/SMIL21ExtendedMobile.dtd" />
  <public publicId="-//W3C//DTD SMIL 2.1 Mobile//EN" uri="REC-SMIL2-20051213/SMIL21Mobile.dtd" />
  <system systemId="http://www.w3.org/2005/SMIL21/SMIL21Mobile.dtd" uri="REC-SMIL2-20051213/SMIL21Mobile.dtd" />
  <public publicId="-//W3C//ENTITIES SMIL 2.1 Language Profile Document Model 1.0//EN" uri="REC-SMIL2-20051213/smil-language-profile-model-1.mod" />
  <system systemId="http://www.w3.org/2005/SMIL21/smil-language-profile-model-1.mod" uri="REC-SMIL2-20051213/smil-language-profile-model-1.mod" />
  <public publicId="-//W3C//ENTITIES SMIL 2.1 Extended Mobile Profile Document Model 1.0//EN" uri="REC-SMIL2-20051213/smil-extended-mobile-profile-model-1.mod" />
  <system systemId="http://www.w3.org/2005/SMIL21/smil-extended-mobile-profile-model-1.mod" uri="REC-SMIL2-20051213/smil-extended-mobile-profile-model-1.mod" />
  <public publicId="-//W3C//ENTITIES SMIL 2.1 Mobile Profile Document Model 1.0//EN" uri="REC-SMIL2-20051213/smil-mobile-profile-model-1.mod" />
  <system systemId="http://www.w3.org/2005/SMIL21/smil-mobile-profile-model-1.mod" uri="REC-SMIL2-20051213/smil-mobile-profile-model-1.mod" />
  <public publicId="-//W3C//ENTITIES SMIL 2.1 Datatypes 1.0//EN" uri="REC-SMIL2-20051213/smil-datatypes-1.mod" />
  <system systemId="http://www.w3.org/2005/SMIL21/smil-datatypes-1.mod" uri="REC-SMIL2-20051213/smil-datatypes-1.mod" />
  <public publicId="-//W3C//ENTITIES SMIL 2.1 Common Attributes 1.0//EN" uri="REC-SMIL2-20051213/smil-attribs-1.mod" />
  <system systemId="http://www.w3.org/2005/SMIL21/smil-attribs-1.mod" uri="REC-SMIL2-20051213/smil-attribs-1.mod" />
  <public publicId="-//W3C//ENTITIES SMIL 2.1 Qualified Names 1.0//EN" uri="REC-SMIL2-20051213/smil-qname-1.mod" />
  <system systemId="http://www.w3.org/2005/SMIL21/smil-qname-1.mod" uri="REC-SMIL2-20051213/smil-qname-1.mod" />
  <public publicId="-//W3C//ENTITIES SMIL 2.1 Modular Framework 1.0//EN" uri="REC-SMIL2-20051213/smil-framework-1.mod" />
  <system systemId="http://www.w3.org/2005/SMIL21/smil-framework-1.mod" uri="REC-SMIL2-20051213/smil-framework-1.mod" />
  <public publicId="-//W3C//ELEMENTS SMIL 2.1 Animation//EN" uri="REC-SMIL2-20051213/SMIL-anim.mod" />
  <system systemId="http://www.w3.org/2005/SMIL21/SMIL-anim.mod" uri="REC-SMIL2-20051213/SMIL-anim.mod" />
  <public publicId="-//W3C//ELEMENTS SMIL 2.1 Content Control//EN" uri="REC-SMIL2-20051213/SMIL-control.mod" />
  <system systemId="http://www.w3.org/2005/SMIL21/SMIL-control.mod" uri="REC-SMIL2-20051213/SMIL-control.mod" />
  <public publicId="-//W3C//ELEMENTS SMIL 2.1 Layout//EN" uri="REC-SMIL2-20051213/SMIL-layout.mod" />
  <system systemId="http://www.w3.org/2005/SMIL21/SMIL-layout.mod" uri="REC-SMIL2-20051213/SMIL-layout.mod" />
  <public publicId="-//W3C//ELEMENTS SMIL 2.1 Linking//EN" uri="REC-SMIL2-20051213/SMIL-link.mod" />
  <system systemId="http://www.w3.org/2005/SMIL21/SMIL-link.mod" uri="REC-SMIL2-20051213/SMIL-link.mod" />
  <public publicId="-//W3C//ELEMENTS SMIL 2.1 Media Objects//EN" uri="REC-SMIL2-20051213/SMIL-media.mod" />
  <system systemId="http://www.w3.org/2005/SMIL21/SMIL-media.mod" uri="REC-SMIL2-20051213/SMIL-media.mod" />
  <public publicId="-//W3C//ELEMENTS SMIL 2.1 Document Metainformation//EN" uri="REC-SMIL2-20051213/SMIL-metainformation.mod" />
  <system systemId="http://www.w3.org/2005/SMIL21/SMIL-metainformation.mod" uri="REC-SMIL2-20051213/SMIL-metainformation.mod" />
  <public publicId="-//W3C//ELEMENTS SMIL 2.1 Document Structure//EN" uri="REC-SMIL2-20051213/SMIL-struct.mod" />
  <system systemId="http://www.w3.org/2005/SMIL21/SMIL-struct.mod" uri="REC-SMIL2-20051213/SMIL-struct.mod" />
  <public publicId="-//W3C//ELEMENTS SMIL 2.1 Timing//EN" uri="REC-SMIL2-20051213/SMIL-timing.mod" />
  <system systemId="http://www.w3.org/2005/SMIL21/SMIL-timing.mod" uri="REC-SMIL2-20051213/SMIL-timing.mod" />
  <public publicId="-//W3C//ELEMENTS SMIL 2.1 Transition//EN" uri="REC-SMIL2-20051213/SMIL-transition.mod" />
  <system systemId="http://www.w3.org/2005/SMIL21/SMIL-transition.mod" uri="REC-SMIL2-20051213/SMIL-transition.mod" />
  <public publicId="-//W3C//DTD SMIL 3.0 Language//EN" uri="REC-SMIL3-20081201/SMIL30Language.dtd" />
  <system systemId="http://www.w3.org/2008/SMIL30/SMIL30Language.dtd" uri="REC-SMIL3-20081201/SMIL30Language.dtd" />
  <public publicId="-//W3C//DTD SMIL 3.0 Unified Mobile//EN" uri="REC-SMIL3-20081201/SMIL30UnifiedMobile.dtd" />
  <system systemId="http://www.w3.org/2008/SMIL30/SMIL30UnifiedMobile.dtd" uri="REC-SMIL3-20081201/SMIL30UnifiedMobile.dtd" />
  <public publicId="-//W3C//DTD SMIL 3.0 Daisy//EN" uri="REC-SMIL3-20081201/SMIL30Daisy.dtd" />
  <system systemId="http://www.w3.org/2008/SMIL30/SMIL30Daisy.dtd" uri="REC-SMIL3-20081201/SMIL30Daisy.dtd" />
  <public publicId="-//W3C//DTD SMIL 3.0 Tiny//EN" uri="REC-SMIL3-20081201/SMIL30Tiny.dtd" />
  <system systemId="http://www.w3.org/2008/SMIL30/SMIL30Tiny.dtd" uri="REC-SMIL3-20081201/SMIL30Tiny.dtd" />
  <public publicId="-//W3C//DTD SMIL 3.0 smilText//EN" uri="REC-SMIL3-20081201/SMIL30smilText.dtd" />
  <system systemId="http://www.w3.org/2008/SMIL30/SMIL30smilText.dtd" uri="REC-SMIL3-20081201/SMIL30smilText.dtd" />
  <public publicId="-//W3C//ENTITIES SMIL 3.0 Datatypes 1.0//EN" uri="REC-SMIL3-20081201/smil-datatypes-1.mod" />
  <system systemId="http://www.w3.org/2008/SMIL30/smil-datatypes-1.mod" uri="REC-SMIL3-20081201/smil-datatypes-1.mod" />
  <public publicId="-//W3C//ENTITIES SMIL 3.0 Modular Framework 1.0//EN" uri="REC-SMIL3-20081201/smil-framework-1.mod" />
  <system systemId="http://www.w3.org/2008/SMIL30/smil-framework-1.mod" uri="REC-SMIL3-20081201/smil-framework-1.mod" />
  <public publicId="-//W3C//ENTITIES SMIL 3.0 Document Model 1.0//EN" uri="REC-SMIL3-20081201/smil-profile-model-1.mod" />
  <system systemId="http://www.w3.org/2008/SMIL30/smil-profile-model-1.mod" uri="REC-SMIL3-20081201/smil-profile-model-1.mod" />
  <public publicId="-//W3C//ENTITIES SMIL 3.0 Qualified Names 1.0//EN" uri="REC-SMIL3-20081201/smil-qname-1.mod" />
  <system systemId="http://www.w3.org/2008/SMIL30/smil-qname-1.mod" uri="REC-SMIL3-20081201/smil-qname-1.mod" />
  <public publicId="-//W3C//ENTITIES SMIL 3.0 Common Attributes 1.0//EN" uri="REC-SMIL3-20081201/smil-attribs-1.mod" />
  <system systemId="http://www.w3.org/2008/SMIL30/smil-attribs-1.mod" uri="REC-SMIL3-20081201/smil-attribs-1.mod" />
  <public publicId="-//W3C//ELEMENTS SMIL 3.0 Animation//EN" uri="REC-SMIL3-20081201/SMIL-anim.mod" />
  <system systemId="http://www.w3.org/2008/SMIL30/SMIL-anim.mod" uri="REC-SMIL3-20081201/SMIL-anim.mod" />
  <public publicId="-//W3C//ELEMENTS SMIL 3.0 Content Control//EN" uri="REC-SMIL3-20081201/SMIL-control.mod" />
  <system systemId="http://www.w3.org/2008/SMIL30/SMIL-control.mod" uri="REC-SMIL3-20081201/SMIL-control.mod" />
  <public publicId="-//W3C//ELEMENTS SMIL 3.0 Layout//EN" uri="REC-SMIL3-20081201/SMIL-layout.mod" />
  <system systemId="http://www.w3.org/2008/SMIL30/SMIL-layout.mod" uri="REC-SMIL3-20081201/SMIL-layout.mod" />
  <public publicId="-//W3C//ELEMENTS SMIL 3.0 Linking//EN" uri="REC-SMIL3-20081201/SMIL-link.mod" />
  <system systemId="http://www.w3.org/2008/SMIL30/SMIL-link.mod" uri="REC-SMIL3-20081201/SMIL-link.mod" />
  <public publicId="-//W3C//ELEMENTS SMIL 3.0 Media Objects//EN" uri="REC-SMIL3-20081201/SMIL-media.mod" />
  <system systemId="http://www.w3.org/2008/SMIL30/SMIL-media.mod" uri="REC-SMIL3-20081201/SMIL-media.mod" />
  <public publicId="-//W3C//ELEMENTS SMIL 3.0 Document Metainformation//EN" uri="REC-SMIL3-20081201/SMIL-metainformation.mod" />
  <system systemId="http://www.w3.org/2008/SMIL30/SMIL-metainformation.mod" uri="REC-SMIL3-20081201/SMIL-metainformation.mod" />
  <public publicId="-//W3C//ELEMENTS SMIL 3.0 SMILtext//EN" uri="REC-SMIL3-20081201/SMIL-smiltext.mod" />
  <system systemId="http://www.w3.org/2008/SMIL30/SMIL-smiltext.mod" uri="REC-SMIL3-20081201/SMIL-smiltext.mod" />
  <public publicId="-//W3C//ELEMENTS SMIL 3.0 State//EN" uri="REC-SMIL3-20081201/SMIL-state.mod" />
  <system systemId="http://www.w3.org/2008/SMIL30/SMIL-state.mod" uri="REC-SMIL3-20081201/SMIL-state.mod" />
  <public publicId="-//W3C//ELEMENTS SMIL 3.0 Document Structure//EN" uri="REC-SMIL3-20081201/SMIL-struct.mod" />
  <system systemId="http://www.w3.org/2008/SMIL30/SMIL-struct.mod" uri="REC-SMIL3-20081201/SMIL-struct.mod" />
  <public publicId="-//W3C//ELEMENTS SMIL 3.0 Timesheet//EN" uri="REC-SMIL3-20081201/SMIL-timesheet.mod" />
  <system systemId="http://www.w3.org/2008/SMIL30/SMIL-timesheet.mod" uri="REC-SMIL3-20081201/SMIL-timesheet.mod" />
  <public publicId="-//W3C//ELEMENTS SMIL 3.0 Timing//EN" uri="REC-SMIL3-20081201/SMIL-timing.mod" />
  <system systemId="http://www.w3.org/2008/SMIL30/SMIL-timing.mod" uri="REC-SMIL3-20081201/SMIL-timing.mod" />
  <public publicId="-//W3C//ELEMENTS SMIL 3.0 Transition//EN" uri="REC-SMIL3-20081201/SMIL-transition.mod" />
  <system systemId="http://www.w3.org/2008/SMIL30/SMIL-transition.mod" uri="REC-SMIL3-20081201/SMIL-transition.mod" />
  <public publicId="-//W3C//ENTITIES XHTML Modular Framework 1.0//EN" uri="REC-xhtml-modularization-20100729/xhtml-framework-1.mod" />
  <system systemId="http://www.w3.org/MarkUp/DTD/xhtml-framework-1.mod" uri="REC-xhtml-modularization-20100729/xhtml-framework-1.mod" />
  <system systemId="http://www.w3.org/TR/xhtml-modularization/DTD/xhtml-framework-1.mod" uri="REC-xhtml-modularization-20100729/xhtml-framework-1.mod" />
  <public publicId="-//W3C//NOTATIONS XHTML Notations 1.0//EN" uri="REC-xhtml-modularization-20100729/xhtml-notations-1.mod" />
  <system systemId="http://www.w3.org/MarkUp/DTD/xhtml-notations-1.mod" uri="REC-xhtml-modularization-20100729/xhtml-notations-1.mod" />
  <system systemId="http://www.w3.org/TR/xhtml-modularization/DTD/xhtml-notations-1.mod" uri="REC-xhtml-modularization-20100729/xhtml-notations-1.mod" />
  <public publicId="-//W3C//ENTITIES XHTML Datatypes 1.0//EN" uri="REC-xhtml-modularization-20100729/xhtml-datatypes-1.mod" />
  <system systemId="http://www.w3.org/MarkUp/DTD/xhtml-datatypes-1.mod" uri="REC-xhtml-modularization-20100729/xhtml-datatypes-1.mod" />
  <system systemId="http://www.w3.org/TR/xhtml-modularization/DTD/xhtml-datatypes-1.mod" uri="REC-xhtml-modularization-20100729/xhtml-datatypes-1.mod" />
  <public publicId="-//W3C//ENTITIES XHTML Qualified Names 1.0//EN" uri="REC-xhtml-modularization-20100729/xhtml-qname-1.mod" />
  <system systemId="http://www.w3.org/MarkUp/DTD/xhtml-qname-1.mod" uri="REC-xhtml-modularization-20100729/xhtml-qname-1.mod" />
  <system systemId="http://www.w3.org/TR/xhtml-modularization/DTD/xhtml-qname-1.mod" uri="REC-xhtml-modularization-20100729/xhtml-qname-1.mod" />
  <public publicId="-//W3C//ENTITIES XHTML Common Attributes 1.0//EN" uri="REC-xhtml-modularization-20100729/xhtml-attribs-1.mod" />
  <system systemId="http://www.w3.org/MarkUp/DTD/xhtml-attribs-1.mod" uri="REC-xhtml-modularization-20100729/xhtml-attribs-1.mod" />
  <system systemId="http://www.w3.org/TR/xhtml-modularization/DTD/xhtml-attribs-1.mod" uri="REC-xhtml-modularization-20100729/xhtml-attribs-1.mod" />
  <public publicId="-//W3C//ENTITIES XHTML Character Entities 1.0//EN" uri="REC-xhtml-modularization-20100729/xhtml-charent-1.mod" />
  <system systemId="http://www.w3.org/MarkUp/DTD/xhtml-charent-1.mod" uri="REC-xhtml-modularization-20100729/xhtml-charent-1.mod" />
  <system systemId="http://www.w3.org/TR/xhtml-modularization/DTD/xhtml-charent-1.mod" uri="REC-xhtml-modularization-20100729/xhtml-charent-1.mod" />
  <public publicId="-//W3C//ELEMENTS XHTML Document Structure 1.0//EN" uri="REC-xhtml-modularization-20100729/xhtml-struct-1.mod" />
  <system systemId="http://www.w3.org/MarkUp/DTD/xhtml-struct-1.mod" uri="REC-xhtml-modularization-20100729/xhtml-struct-1.mod" />
  <system systemId="http://www.w3.org/TR/xhtml-modularization/DTD/xhtml-struct-1.mod" uri="REC-xhtml-modularization-20100729/xhtml-struct-1.mod" />
  <public publicId="-//W3C//ELEMENTS XHTML Text 1.0//EN" uri="REC-xhtml-modularization-20100729/xhtml-text-1.mod" />
  <system systemId="http://www.w3.org/MarkUp/DTD/xhtml-text-1.mod" uri="REC-xhtml-modularization-20100729/xhtml-text-1.mod" />
  <system systemId="http://www.w3.org/TR/xhtml-modularization/DTD/xhtml-text-1.mod" uri="REC-xhtml-modularization-20100729/xhtml-text-1.mod" />
  <public publicId="-//W3C//ELEMENTS XHTML Hypertext 1.0//EN" uri="REC-xhtml-modularization-20100729/xhtml-hypertext-1.mod" />
  <system systemId="http://www.w3.org/MarkUp/DTD/xhtml-hypertext-1.mod" uri="REC-xhtml-modularization-20100729/xhtml-hypertext-1.mod" />
  <system systemId="http://www.w3.org/TR/xhtml-modularization/DTD/xhtml-hypertext-1.mod" uri="REC-xhtml-modularization-20100729/xhtml-hypertext-1.mod" />
  <public publicId="-//W3C//ELEMENTS XHTML Lists 1.0//EN" uri="REC-xhtml-modularization-20100729/xhtml-list-1.mod" />
  <system systemId="http://www.w3.org/MarkUp/DTD/xhtml-list-1.mod" uri="REC-xhtml-modularization-20100729/xhtml-list-1.mod" />
  <system systemId="http://www.w3.org/TR/xhtml-modularization/DTD/xhtml-list-1.mod" uri="REC-xhtml-modularization-20100729/xhtml-list-1.mod" />
  <public publicId="-//W3C//ELEMENTS XHTML Inline Structural 1.0//EN" uri="REC-xhtml-modularization-20100729/xhtml-inlstruct-1.mod" />
  <system systemId="http://www.w3.org/MarkUp/DTD/xhtml-inlstruct-1.mod" uri="REC-xhtml-modularization-20100729/xhtml-inlstruct-1.mod" />
  <system systemId="http://www.w3.org/TR/xhtml-modularization/DTD/xhtml-inlstruct-1.mod" uri="REC-xhtml-modularization-20100729/xhtml-inlstruct-1.mod" />
  <public publicId="-//W3C//ELEMENTS XHTML Inline Presentation 1.0//EN" uri="REC-xhtml-modularization-20100729/xhtml-inlpres-1.mod" />
  <system systemId="http://www.w3.org/MarkUp/DTD/xhtml-inlpres-1.mod" uri="REC-xhtml-modularization-20100729/xhtml-inlpres-1.mod" />
  <system systemId="http://www.w3.org/TR/xhtml-modularization/DTD/xhtml-inlpres-1.mod" uri="REC-xhtml-modularization-20100729/xhtml-inlpres-1.mod" />
  <public publicId="-//W3C//ELEMENTS XHTML Inline Phrasal 1.0//EN" uri="REC-xhtml-modularization-20100729/xhtml-inlphras-1.mod" />
  <system systemId="http://www.w3.org/MarkUp/DTD/xhtml-inlphras-1.mod" uri="REC-xhtml-modularization-20100729/xhtml-inlphras-1.mod" />
  <system systemId="http://www.w3.org/TR/xhtml-modularization/DTD/xhtml-inlphras-1.mod" uri="REC-xhtml-modularization-20100729/xhtml-inlphras-1.mod" />
  <public publicId="-//W3C//ELEMENTS XHTML Block Structural 1.0//EN" uri="REC-xhtml-modularization-20100729/xhtml-blkstruct-1.mod" />
  <system systemId="http://www.w3.org/MarkUp/DTD/xhtml-blkstruct-1.mod" uri="REC-xhtml-modularization-20100729/xhtml-blkstruct-1.mod" />
  <system systemId="http://www.w3.org/TR/xhtml-modularization/DTD/xhtml-blkstruct-1.mod" uri="REC-xhtml-modularization-20100729/xhtml-blkstruct-1.mod" />
  <public publicId="-//W3C//ELEMENTS XHTML Block Presentation 1.0//EN" uri="REC-xhtml-modularization-20100729/xhtml-blkpres-1.mod" />
  <system systemId="http://www.w3.org/MarkUp/DTD/xhtml-blkpres-1.mod" uri="REC-xhtml-modularization-20100729/xhtml-blkpres-1.mod" />
  <system systemId="http://www.w3.org/TR/xhtml-modularization/DTD/xhtml-blkpres-1.mod" uri="REC-xhtml-modularization-20100729/xhtml-blkpres-1.mod" />
  <public publicId="-//W3C//ELEMENTS XHTML Block Phrasal 1.0//EN" uri="REC-xhtml-modularization-20100729/xhtml-blkphras-1.mod" />
  <system systemId="http://www.w3.org/MarkUp/DTD/xhtml-blkphras-1.mod" uri="REC-xhtml-modularization-20100729/xhtml-blkphras-1.mod" />
  <system systemId="http://www.w3.org/TR/xhtml-modularization/DTD/xhtml-blkphras-1.mod" uri="REC-xhtml-modularization-20100729/xhtml-blkphras-1.mod" />
  <public publicId="-//W3C//ELEMENTS XHTML Ruby 1.0//EN" uri="REC-xhtml-modularization-20100729/xhtml-ruby-1.mod" />
  <system systemId="http://www.w3.org/MarkUp/DTD/xhtml-ruby-1.mod" uri="REC-xhtml-modularization-20100729/xhtml-ruby-1.mod" />
  <system systemId="http://www.w3.org/TR/ruby/xhtml-ruby-1.mod" uri="REC-xhtml-modularization-20100729/xhtml-ruby-1.mod" />
  <public publicId="-//W3C//ELEMENTS XHTML Java Applets 1.0//EN" uri="REC-xhtml-modularization-20100729/xhtml-applet-1.mod" />
  <system systemId="http://www.w3.org/MarkUp/DTD/xhtml-applet-1.mod" uri="REC-xhtml-modularization-20100729/xhtml-applet-1.mod" />
  <system systemId="http://www.w3.org/TR/xhtml-modularization/DTD/xhtml-applet-1.mod" uri="REC-xhtml-modularization-20100729/xhtml-applet-1.mod" />
  <public publicId="-//W3C//ELEMENTS XHTML Base Architecture 1.0//EN" uri="REC-xhtml-modularization-20100729/xhtml-arch-1.mod" />
  <system systemId="http://www.w3.org/MarkUp/DTD/xhtml-arch-1.mod" uri="REC-xhtml-modularization-20100729/xhtml-arch-1.mod" />
  <system systemId="http://www.w3.org/TR/xhtml-modularization/DTD/xhtml-arch-1.mod" uri="REC-xhtml-modularization-20100729/xhtml-arch-1.mod" />
  <public publicId="-//W3C//ELEMENTS XHTML Param Element 1.0//EN" uri="REC-xhtml-modularization-20100729/xhtml-param-1.mod" />
  <system systemId="http://www.w3.org/MarkUp/DTD/xhtml-param-1.mod" uri="REC-xhtml-modularization-20100729/xhtml-param-1.mod" />
  <system systemId="http://www.w3.org/TR/xhtml-modularization/DTD/xhtml-param-1.mod" uri="REC-xhtml-modularization-20100729/xhtml-param-1.mod" />
  <public publicId="-//W3C//ELEMENTS XHTML Presentation 1.0//EN" uri="REC-xhtml-modularization-20100729/xhtml-pres-1.mod" />
  <system systemId="http://www.w3.org/MarkUp/DTD/xhtml-pres-1.mod" uri="REC-xhtml-modularization-20100729/xhtml-pres-1.mod" />
  <system systemId="http://www.w3.org/TR/xhtml-modularization/DTD/xhtml-pres-1.mod" uri="REC-xhtml-modularization-20100729/xhtml-pres-1.mod" />
  <public publicId="-//W3C//ELEMENTS XHTML Editing Elements 1.0//EN" uri="REC-xhtml-modularization-20100729/xhtml-edit-1.mod" />
  <public publicId="-//W3C//ELEMENTS XHTML Editing Markup 1.0//EN" uri="REC-xhtml-modularization-20100729/xhtml-edit-1.mod" />
  <system systemId="http://www.w3.org/MarkUp/DTD/xhtml-edit-1.mod" uri="REC-xhtml-modularization-20100729/xhtml-edit-1.mod" />
  <system systemId="http://www.w3.org/TR/xhtml-modularization/DTD/xhtml-edit-1.mod" uri="REC-xhtml-modularization-20100729/xhtml-edit-1.mod" />
  <public publicId="-//W3C//ELEMENTS XHTML BDO Element 1.0//EN" uri="REC-xhtml-modularization-20100729/xhtml-bdo-1.mod" />
  <public publicId="-//W3C//ELEMENTS XHTML BIDI Override Element 1.0//EN" uri="REC-xhtml-modularization-20100729/xhtml-bdo-1.mod" />
  <system systemId="http://www.w3.org/MarkUp/DTD/xhtml-bdo-1.mod" uri="REC-xhtml-modularization-20100729/xhtml-bdo-1.mod" />
  <system systemId="http://www.w3.org/TR/xhtml-modularization/DTD/xhtml-bdo-1.mod" uri="REC-xhtml-modularization-20100729/xhtml-bdo-1.mod" />
  <public publicId="-//W3C//ELEMENTS XHTML Basic Forms 1.0//EN" uri="REC-xhtml-modularization-20100729/xhtml-basic-form-1.mod" />
  <system systemId="http://www.w3.org/MarkUp/DTD/xhtml-basic-form-1.mod" uri="REC-xhtml-modularization-20100729/xhtml-basic-form-1.mod" />
  <system systemId="http://www.w3.org/TR/xhtml-modularization/DTD/xhtml-basic-form-1.mod" uri="REC-xhtml-modularization-20100729/xhtml-basic-form-1.mod" />
  <public publicId="-//W3C//ELEMENTS XHTML Forms 1.0//EN" uri="REC-xhtml-modularization-20100729/xhtml-form-1.mod" />
  <system systemId="http://www.w3.org/MarkUp/DTD/xhtml-form-1.mod" uri="REC-xhtml-modularization-20100729/xhtml-form-1.mod" />
  <system systemId="http://www.w3.org/TR/xhtml-modularization/DTD/xhtml-form-1.mod" uri="REC-xhtml-modularization-20100729/xhtml-form-1.mod" />
  <public publicId="-//W3C//ELEMENTS XHTML Basic Tables 1.0//EN" uri="REC-xhtml-modularization-20100729/xhtml-basic-table-1.mod" />
  <system systemId="http://www.w3.org/MarkUp/DTD/xhtml-basic-table-1.mod" uri="REC-xhtml-modularization-20100729/xhtml-basic-table-1.mod" />
  <system systemId="http://www.w3.org/TR/xhtml-modularization/DTD/xhtml-basic-table-1.mod" uri="REC-xhtml-modularization-20100729/xhtml-basic-table-1.mod" />
  <public publicId="-//W3C//ELEMENTS XHTML Tables 1.0//EN" uri="REC-xhtml-modularization-20100729/xhtml-table-1.mod" />
  <system systemId="http://www.w3.org/MarkUp/DTD/xhtml-table-1.mod" uri="REC-xhtml-modularization-20100729/xhtml-table-1.mod" />
  <system systemId="http://www.w3.org/TR/xhtml-modularization/DTD/xhtml-table-1.mod" uri="REC-xhtml-modularization-20100729/xhtml-table-1.mod" />
  <public publicId="-//W3C//ELEMENTS XHTML Images 1.0//EN" uri="REC-xhtml-modularization-20100729/xhtml-image-1.mod" />
  <system systemId="http://www.w3.org/MarkUp/DTD/xhtml-image-1.mod" uri="REC-xhtml-modularization-20100729/xhtml-image-1.mod" />
  <system systemId="http://www.w3.org/TR/xhtml-modularization/DTD/xhtml-image-1.mod" uri="REC-xhtml-modularization-20100729/xhtml-image-1.mod" />
  <public publicId="-//W3C//ELEMENTS XHTML Client-side Image Maps 1.0//EN" uri="REC-xhtml-modularization-20100729/xhtml-csismap-1.mod" />
  <system systemId="http://www.w3.org/MarkUp/DTD/xhtml-csismap-1.mod" uri="REC-xhtml-modularization-20100729/xhtml-csismap-1.mod" />
  <system systemId="http://www.w3.org/TR/xhtml-modularization/DTD/xhtml-csismap-1.mod" uri="REC-xhtml-modularization-20100729/xhtml-csismap-1.mod" />
  <public publicId="-//W3C//ELEMENTS XHTML Server-side Image Maps 1.0//EN" uri="REC-xhtml-modularization-20100729/xhtml-ssismap-1.mod" />
  <system systemId="http://www.w3.org/MarkUp/DTD/xhtml-ssismap-1.mod" uri="REC-xhtml-modularization-20100729/xhtml-ssismap-1.mod" />
  <system systemId="http://www.w3.org/TR/xhtml-modularization/DTD/xhtml-ssismap-1.mod" uri="REC-xhtml-modularization-20100729/xhtml-ssismap-1.mod" />
  <public publicId="-//W3C//ENTITIES XHTML Intrinsic Events 1.0//EN" uri="REC-xhtml-modularization-20100729/xhtml-events-1.mod" />
  <system systemId="http://www.w3.org/MarkUp/DTD/xhtml-events-1.mod" uri="REC-xhtml-modularization-20100729/xhtml-events-1.mod" />
  <system systemId="http://www.w3.org/TR/xhtml-modularization/DTD/xhtml-events-1.mod" uri="REC-xhtml-modularization-20100729/xhtml-events-1.mod" />
  <public publicId="-//W3C//ELEMENTS XHTML Metainformation 1.0//EN" uri="REC-xhtml-modularization-20100729/xhtml-meta-1.mod" />
  <system systemId="http://www.w3.org/MarkUp/DTD/xhtml-meta-1.mod" uri="REC-xhtml-modularization-20100729/xhtml-meta-1.mod" />
  <system systemId="http://www.w3.org/TR/xhtml-modularization/DTD/xhtml-meta-1.mod" uri="REC-xhtml-modularization-20100729/xhtml-meta-1.mod" />
  <public publicId="-//W3C//ELEMENTS XHTML Scripting 1.0//EN" uri="REC-xhtml-modularization-20100729/xhtml-script-1.mod" />
  <system systemId="http://www.w3.org/MarkUp/DTD/xhtml-script-1.mod" uri="REC-xhtml-modularization-20100729/xhtml-script-1.mod" />
  <system systemId="http://www.w3.org/TR/xhtml-modularization/DTD/xhtml-script-1.mod" uri="REC-xhtml-modularization-20100729/xhtml-script-1.mod" />
  <public publicId="-//W3C//ELEMENTS XHTML Style Sheets 1.0//EN" uri="REC-xhtml-modularization-20100729/xhtml-style-1.mod" />
  <system systemId="http://www.w3.org/MarkUp/DTD/xhtml-style-1.mod" uri="REC-xhtml-modularization-20100729/xhtml-style-1.mod" />
  <system systemId="http://www.w3.org/TR/xhtml-modularization/DTD/xhtml-style-1.mod" uri="REC-xhtml-modularization-20100729/xhtml-style-1.mod" />
  <public publicId="-//W3C//ELEMENTS XHTML Link Element 1.0//EN" uri="REC-xhtml-modularization-20100729/xhtml-link-1.mod" />
  <system systemId="http://www.w3.org/MarkUp/DTD/xhtml-link-1.mod" uri="REC-xhtml-modularization-20100729/xhtml-link-1.mod" />
  <system systemId="http://www.w3.org/TR/xhtml-modularization/DTD/xhtml-link-1.mod" uri="REC-xhtml-modularization-20100729/xhtml-link-1.mod" />
  <public publicId="-//W3C//ELEMENTS XHTML Base Element 1.0//EN" uri="REC-xhtml-modularization-20100729/xhtml-base-1.mod" />
  <system systemId="http://www.w3.org/MarkUp/DTD/xhtml-base-1.mod" uri="REC-xhtml-modularization-20100729/xhtml-base-1.mod" />
  <system systemId="http://www.w3.org/TR/xhtml-modularization/DTD/xhtml-base-1.mod" uri="REC-xhtml-modularization-20100729/xhtml-base-1.mod" />
  <public publicId="-//W3C//ELEMENTS XHTML Legacy Redeclarations 1.0//EN" uri="REC-xhtml-modularization-20100729/xhtml-legacy-redecl-1.mod" />
  <system systemId="http://www.w3.org/MarkUp/DTD/xhtml-legacy-redecl-1.mod" uri="REC-xhtml-modularization-20100729/xhtml-legacy-redecl-1.mod" />
  <system systemId="http://www.w3.org/TR/xhtml-modularization/DTD/xhtml-legacy-redecl-1.mod" uri="REC-xhtml-modularization-20100729/xhtml-legacy-redecl-1.mod" />
  <public publicId="-//W3C//ELEMENTS XHTML Legacy Markup 1.0//EN" uri="REC-xhtml-modularization-20100729/xhtml-legacy-1.mod" />
  <system systemId="http://www.w3.org/MarkUp/DTD/xhtml-legacy-1.mod" uri="REC-xhtml-modularization-20100729/xhtml-legacy-1.mod" />
  <system systemId="http://www.w3.org/TR/xhtml-modularization/DTD/xhtml-legacy-1.mod" uri="REC-xhtml-modularization-20100729/xhtml-legacy-1.mod" />
  <public publicId="-//W3C//ELEMENTS XHTML Embedded Object 1.0//EN" uri="REC-xhtml-modularization-20100729/xhtml-object-1.mod" />
  <system systemId="http://www.w3.org/MarkUp/DTD/xhtml-object-1.mod" uri="REC-xhtml-modularization-20100729/xhtml-object-1.mod" />
  <system systemId="http://www.w3.org/TR/xhtml-modularization/DTD/xhtml-object-1.mod" uri="REC-xhtml-modularization-20100729/xhtml-object-1.mod" />
  <public publicId="-//W3C//ELEMENTS XHTML Frames 1.0//EN" uri="REC-xhtml-modularization-20100729/xhtml-frames-1.mod" />
  <system systemId="http://www.w3.org/MarkUp/DTD/xhtml-frames-1.mod" uri="REC-xhtml-modularization-20100729/xhtml-frames-1.mod" />
  <system systemId="http://www.w3.org/TR/xhtml-modularization/DTD/xhtml-frames-1.mod" uri="REC-xhtml-modularization-20100729/xhtml-frames-1.mod" />
  <public publicId="-//W3C//ELEMENTS XHTML Target 1.0//EN" uri="REC-xhtml-modularization-20100729/xhtml-target-1.mod" />
  <system systemId="http://www.w3.org/MarkUp/DTD/xhtml-target-1.mod" uri="REC-xhtml-modularization-20100729/xhtml-target-1.mod" />
  <system systemId="http://www.w3.org/TR/xhtml-modularization/DTD/xhtml-target-1.mod" uri="REC-xhtml-modularization-20100729/xhtml-target-1.mod" />
  <public publicId="-//W3C//ELEMENTS XHTML Inline Frame Element 1.0//EN" uri="REC-xhtml-modularization-20100729/xhtml-iframe-1.mod" />
  <system systemId="http://www.w3.org/MarkUp/DTD/xhtml-iframe-1.mod" uri="REC-xhtml-modularization-20100729/xhtml-iframe-1.mod" />
  <system systemId="http://www.w3.org/TR/xhtml-modularization/DTD/xhtml-iframe-1.mod" uri="REC-xhtml-modularization-20100729/xhtml-iframe-1.mod" />
  <public publicId="-//W3C//ELEMENTS XHTML Inline Style 1.0//EN" uri="REC-xhtml-modularization-20100729/xhtml-inlstyle-1.mod" />
  <public publicId="-//W3C//ENTITIES XHTML Inline Style 1.0//EN" uri="REC-xhtml-modularization-20100729/xhtml-inlstyle-1.mod" />
  <system systemId="http://www.w3.org/MarkUp/DTD/xhtml-inlstyle-1.mod" uri="REC-xhtml-modularization-20100729/xhtml-inlstyle-1.mod" />
  <system systemId="http://www.w3.org/TR/xhtml-modularization/DTD/xhtml-inlstyle-1.mod" uri="REC-xhtml-modularization-20100729/xhtml-inlstyle-1.mod" />
  <public publicId="-//W3C//ELEMENTS XHTML Name Identifier 1.0//EN" uri="REC-xhtml-modularization-20100729/xhtml-nameident-1.mod" />
  <system systemId="http://www.w3.org/MarkUp/DTD/xhtml-nameident-1.mod" uri="REC-xhtml-modularization-20100729/xhtml-nameident-1.mod" />
  <system systemId="http://www.w3.org/TR/xhtml-modularization/DTD/xhtml-nameident-1.mod" uri="REC-xhtml-modularization-20100729/xhtml-nameident-1.mod" />
  <public publicId="-//W3C//ENTITIES Latin 1 for XHTML//EN" uri="REC-xhtml-modularization-20100729/xhtml-lat1.ent" />
  <system systemId="http://www.w3.org/MarkUp/DTD/xhtml-lat1.ent" uri="REC-xhtml-modularization-20100729/xhtml-lat1.ent" />
  <system systemId="http://www.w3.org/TR/xhtml-modularization/DTD/xhtml-lat1.ent" uri="REC-xhtml-modularization-20100729/xhtml-lat1.ent" />
  <public publicId="-//W3C//ENTITIES Special for XHTML//EN" uri="REC-xhtml-modularization-20100729/xhtml-special.ent" />
  <system systemId="http://www.w3.org/MarkUp/DTD/xhtml-special.ent" uri="REC-xhtml-modularization-20100729/xhtml-special.ent" />
  <system systemId="http://www.w3.org/TR/xhtml-modularization/DTD/xhtml-special.ent" uri="REC-xhtml-modularization-20100729/xhtml-special.ent" />
  <public publicId="-//W3C//ENTITIES Symbols for XHTML//EN" uri="REC-xhtml-modularization-20100729/xhtml-symbol.ent" />
  <system systemId="http://www.w3.org/MarkUp/DTD/xhtml-symbol.ent" uri="REC-xhtml-modularization-20100729/xhtml-symbol.ent" />
  <system systemId="http://www.w3.org/TR/xhtml-modularization/DTD/xhtml-symbol.ent" uri="REC-xhtml-modularization-20100729/xhtml-symbol.ent" />
  <public publicId="-//W3C//ENTITIES uppercase aliases for HTML//EN//XML" uri="REC-xml-entity-names-20100401/html5-uppercase.ent" />
  <system systemId="http://www.w3.org/2003/entities/2007/html5-uppercase.ent" uri="REC-xml-entity-names-20100401/html5-uppercase.ent" />
  <public publicId="-//W3C//ENTITIES HTML MathML Set//EN//XML" uri="REC-xml-entity-names-20100401/htmlmathml.ent" />
  <system systemId="http://www.w3.org/2003/entities/2007/htmlmathml.ent" uri="REC-xml-entity-names-20100401/htmlmathml.ent" />
  <system systemId="http://www.w3.org/2003/entities/2007/htmlmathml-f.ent" uri="REC-xml-entity-names-20100401/htmlmathml-f.ent" />
  <system systemId="http://www.w3.org/2003/entities/2007/htmlmathml-f.ent" uri="REC-xml-entity-names-20100401/htmlmathml-f.ent" />
  <public publicId="-//W3C//ENTITIES Added Math Symbols: Arrow Relations//EN//XML" uri="REC-xml-entity-names-20100401/isoamsa.ent" />
  <system systemId="http://www.w3.org/2003/entities/2007/isoamsa.ent" uri="REC-xml-entity-names-20100401/isoamsa.ent" />
  <public publicId="-//W3C//ENTITIES Added Math Symbols: Binary Operators//EN//XML" uri="REC-xml-entity-names-20100401/isoamsb.ent" />
  <system systemId="http://www.w3.org/2003/entities/2007/isoamsb.ent" uri="REC-xml-entity-names-20100401/isoamsb.ent" />
  <public publicId="-//W3C//ENTITIES Added Math Symbols: Delimiters//EN//XML" uri="REC-xml-entity-names-20100401/isoamsc.ent" />
  <system systemId="http://www.w3.org/2003/entities/2007/isoamsc.ent" uri="REC-xml-entity-names-20100401/isoamsc.ent" />
  <public publicId="-//W3C//ENTITIES Added Math Symbols: Negated Relations//EN//XML" uri="REC-xml-entity-names-20100401/isoamsn.ent" />
  <system systemId="http://www.w3.org/2003/entities/2007/isoamsn.ent" uri="REC-xml-entity-names-20100401/isoamsn.ent" />
  <public publicId="-//W3C//ENTITIES Added Math Symbols: Ordinary//EN//XML" uri="REC-xml-entity-names-20100401/isoamso.ent" />
  <system systemId="http://www.w3.org/2003/entities/2007/isoamso.ent" uri="REC-xml-entity-names-20100401/isoamso.ent" />
  <public publicId="-//W3C//ENTITIES Added Math Symbols: Relations//EN//XML" uri="REC-xml-entity-names-20100401/isoamsr.ent" />
  <system systemId="http://www.w3.org/2003/entities/2007/isoamsr.ent" uri="REC-xml-entity-names-20100401/isoamsr.ent" />
  <public publicId="-//W3C//ENTITIES Box and Line Drawing//EN//XML" uri="REC-xml-entity-names-20100401/isobox.ent" />
  <system systemId="http://www.w3.org/2003/entities/2007/isobox.ent" uri="REC-xml-entity-names-20100401/isobox.ent" />
  <public publicId="-//W3C//ENTITIES Russian Cyrillic//EN//XML" uri="REC-xml-entity-names-20100401/isocyr1.ent" />
  <system systemId="http://www.w3.org/2003/entities/2007/isocyr1.ent" uri="REC-xml-entity-names-20100401/isocyr1.ent" />
  <public publicId="-//W3C//ENTITIES Non-Russian Cyrillic//EN//XML" uri="REC-xml-entity-names-20100401/isocyr2.ent" />
  <system systemId="http://www.w3.org/2003/entities/2007/isocyr2.ent" uri="REC-xml-entity-names-20100401/isocyr2.ent" />
  <public publicId="-//W3C//ENTITIES Diacritical Marks//EN//XML" uri="REC-xml-entity-names-20100401/isodia.ent" />
  <system systemId="http://www.w3.org/2003/entities/2007/isodia.ent" uri="REC-xml-entity-names-20100401/isodia.ent" />
  <public publicId="-//W3C//ENTITIES Greek Letters//EN//XML" uri="REC-xml-entity-names-20100401/isogrk1.ent" />
  <system systemId="http://www.w3.org/2003/entities/2007/isogrk1.ent" uri="REC-xml-entity-names-20100401/isogrk1.ent" />
  <public publicId="-//W3C//ENTITIES Monotoniko Greek//EN//XML" uri="REC-xml-entity-names-20100401/isogrk2.ent" />
  <system systemId="http://www.w3.org/2003/entities/2007/isogrk2.ent" uri="REC-xml-entity-names-20100401/isogrk2.ent" />
  <public publicId="-//W3C//ENTITIES Greek Symbols//EN//XML" uri="REC-xml-entity-names-20100401/isogrk3.ent" />
  <system systemId="http://www.w3.org/2003/entities/2007/isogrk3.ent" uri="REC-xml-entity-names-20100401/isogrk3.ent" />
  <public publicId="-//W3C//ENTITIES Alternative Greek Symbols//EN//XML" uri="REC-xml-entity-names-20100401/isogrk4.ent" />
  <system systemId="http://www.w3.org/2003/entities/2007/isogrk4.ent" uri="REC-xml-entity-names-20100401/isogrk4.ent" />
  <public publicId="-//W3C//ENTITIES Added Latin 1//EN//XML" uri="REC-xml-entity-names-20100401/isolat1.ent" />
  <system systemId="http://www.w3.org/2003/entities/2007/isolat1.ent" uri="REC-xml-entity-names-20100401/isolat1.ent" />
  <public publicId="-//W3C//ENTITIES Added Latin 2//EN//XML" uri="REC-xml-entity-names-20100401/isolat2.ent" />
  <system systemId="http://www.w3.org/2003/entities/2007/isolat2.ent" uri="REC-xml-entity-names-20100401/isolat2.ent" />
  <public publicId="-//W3C//ENTITIES Math Alphabets: Fraktur//EN//XML" uri="REC-xml-entity-names-20100401/isomfrk.ent" />
  <system systemId="http://www.w3.org/2003/entities/2007/isomfrk.ent" uri="REC-xml-entity-names-20100401/isomfrk.ent" />
  <public publicId="-//W3C//ENTITIES Math Alphabets: Open Face//EN//XML" uri="REC-xml-entity-names-20100401/isomopf.ent" />
  <system systemId="http://www.w3.org/2003/entities/2007/isomopf.ent" uri="REC-xml-entity-names-20100401/isomopf.ent" />
  <public publicId="-//W3C//ENTITIES Math Alphabets: Script//EN//XML" uri="REC-xml-entity-names-20100401/isomscr.ent" />
  <system systemId="http://www.w3.org/2003/entities/2007/isomscr.ent" uri="REC-xml-entity-names-20100401/isomscr.ent" />
  <public publicId="-//W3C//ENTITIES Numeric and Special Graphic//EN//XML" uri="REC-xml-entity-names-20100401/isonum.ent" />
  <system systemId="http://www.w3.org/2003/entities/2007/isonum.ent" uri="REC-xml-entity-names-20100401/isonum.ent" />
  <public publicId="-//W3C//ENTITIES Publishing//EN//XML" uri="REC-xml-entity-names-20100401/isopub.ent" />
  <system systemId="http://www.w3.org/2003/entities/2007/isopub.ent" uri="REC-xml-entity-names-20100401/isopub.ent" />
  <public publicId="-//W3C//ENTITIES General Technical//EN//XML" uri="REC-xml-entity-names-20100401/isotech.ent" />
  <system systemId="http://www.w3.org/2003/entities/2007/isotech.ent" uri="REC-xml-entity-names-20100401/isotech.ent" />
  <public publicId="-//W3C//ENTITIES MathML Aliases//EN//XML" uri="REC-xml-entity-names-20100401/mmlalias.ent" />
  <system systemId="http://www.w3.org/2003/entities/2007/mmlalias.ent" uri="REC-xml-entity-names-20100401/mmlalias.ent" />
  <public publicId="-//W3C//ENTITIES Additional MathML Symbols//EN//XML" uri="REC-xml-entity-names-20100401/mmlextra.ent" />
  <system systemId="http://www.w3.org/2003/entities/2007/mmlextra.ent" uri="REC-xml-entity-names-20100401/mmlextra.ent" />
  <public publicId="-//W3C//ENTITIES Predefined XML//EN///XML" uri="REC-xml-entity-names-20100401/predefined.ent" />
  <system systemId="http://www.w3.org/2003/entities/2007/predefined.ent" uri="REC-xml-entity-names-20100401/predefined.ent" />
  <public publicId="-//W3C//ENTITIES Combined Set//EN//XML" uri="REC-xml-entity-names-20100401/w3centities.ent" />
  <system systemId="http://www.w3.org/2003/entities/2007/w3centities.ent" uri="REC-xml-entity-names-20100401/w3centities.ent" />
  <system systemId="http://www.w3.org/2003/entities/2007/w3centities-f.ent" uri="REC-xml-entity-names-20100401/w3centities-f.ent" />
  <public publicId="-//W3C//ENTITIES Latin for HTML//EN//XML" uri="REC-xml-entity-names-20100401/xhtml1-lat1.ent" />
  <system systemId="http://www.w3.org/2003/entities/2007/xhtml1-lat1.ent" uri="REC-xml-entity-names-20100401/xhtml1-lat1.ent" />
  <public publicId="-//W3C//ENTITIES Special for HTML//EN//XML" uri="REC-xml-entity-names-20100401/xhtml1-special.ent" />
  <system systemId="http://www.w3.org/2003/entities/2007/xhtml1-special.ent" uri="REC-xml-entity-names-20100401/xhtml1-special.ent" />
  <public publicId="-//W3C//ENTITIES Symbol for HTML//EN//XML" uri="REC-xml-entity-names-20100401/xhtml1-symbol.ent" />
  <system systemId="http://www.w3.org/2003/entities/2007/xhtml1-symbol.ent" uri="REC-xml-entity-names-20100401/xhtml1-symbol.ent" />
  <public publicId="-//W3C//DTD VOICEXML 2.0//EN" uri="REC-voicexml20-20040316/vxml.dtd" />
  <system systemId="http://www.w3.org/TR/voicexml20/vxml.dtd" uri="REC-voicexml20-20040316/vxml.dtd" />
  <public publicId="-//W3C//DTD VOICEXML 2.1//EN" uri="REC-voicexml21-20070619/vxml.dtd" />
  <system systemId="http://www.w3.org/TR/voicexml21/vxml.dtd" uri="REC-voicexml21-20070619/vxml.dtd" />
  <system systemId="http://www.w3.org/TR/2007/REC-voicexml21-20070619/vxml.dtd" uri="REC-voicexml21-20070619/vxml.dtd" />
</catalog>
